{"abort_rate_pct":66.54275092936803,"aborts_conflict":4117,"duration_sec":30.12994903,"errors":787,"success_created":1283,"success_replay":0,"throughput_tps":205.34385882431081,"total_requests":6187,"workload":"hotspot"}
