{"abort_rate_pct":1.824749907373101,"aborts_conflict":197,"duration_sec":30.028609603,"errors":58,"success_created":10541,"success_replay":0,"throughput_tps":359.52380555513395,"total_requests":10796,"workload":"uniform"}
