{"abort_rate_pct":1.6819798458802608,"aborts_conflict":227,"duration_sec":30.036417309,"errors":42,"success_created":13227,"success_replay":0,"throughput_tps":449.3212309963515,"total_requests":13496,"workload":"uniform"}
